Country Name,Country Code,1990,1991,1992,1993,1994,1995,1996,1997,1998,1999,2000,2001,2002,2003,2004,2005,2006,2007,2008,2009,2010,2011,2012,2013,2014,2015,2016,2017,2018,2019,2020,2021
Aruba,ABW,0,0,0,0,0,0,2.768382663,,,4.506179098,15.44282295,17.1,18.8,20.8,23,25.4,28,30.9,52,58,62,69,74,78.9,83.78,88.66122693,93.54245387,97.17,,,,
Africa Eastern and Southern,AFE,0,0.001598765,0.004664311,0.01360898,0.029658347,0.081216219,0.106348942,0.20205577,0.367790378,0.544145756,0.743921679,0.93077952,1.106896077,1.40818976,1.692749813,1.794512894,2.060876467,2.900285735,2.702876404,3.219700254,5.319106521,6.833853453,8.575521852,10.18931332,12.30478904,14.62566359,15.89435523,18.24005982,21.70069538,24.30465847,27.3503079,
Afghanistan,AFG,0,0,0,0,0,0,,,,,,0.004722568,0.004561395,0.087891253,0.10580903,1.224148084,2.107123645,1.9,1.84,3.55,4,5,5.454545455,5.9,7,8.26,11,13.5,16.8,17.6,18.4,
Africa Western and Central,AFW,0,0,0,0,4.30E-06,0.000128512,0.007034948,0.019842295,0.035424456,0.086238849,0.138960653,0.20959643,0.411060803,0.657285159,1.177864968,2.326741166,3.463236378,4.24017377,4.991565455,5.807960733,7.242095797,8.663310491,10.29344667,12.57717035,14.93406183,18.19228688,20.92663241,24.66358693,29.33836803,31.78586051,34.12813669,
Angola,AGO,0,0,0,0,0,0,0.000775929,0.005673746,0.018453724,0.071964087,0.105045562,0.136013867,0.270376746,0.370682065,0.464814618,1.143366827,1.5,1.7,1.9,2.3,2.8,4.7,7.7,13,21.4,22,23.2,26,29,32.4,36,
Albania,ALB,0,0,0,0,0,0.011168695,0.032196828,0.048593919,0.06502737,0.081437045,0.114097347,0.325798377,0.390081273,0.971900415,2.420387798,6.043890864,9.609991316,15.03611541,23.86,41.2,45,47,49.4,51.8,54.3,56.9,59.6,62.4,65.4,68.55039112,72.24,
Andorra,AND,0,0,0,0,0,0,1.526601023,3.050175385,6.886209218,7.635686143,10.53883561,,11.26046872,13.54641288,26.83795439,37.60576622,48.936847,70.87,70.04,78.53,81,81,82.7,84.4,86.1,87.9,89.7,91.56746703,,,,
Arab World,ARB,0,0,0,0.000892639,0.002815605,0.014112855,0.038461262,0.135488159,0.270604169,0.615844606,1.165887243,1.590368591,2.72740392,3.686682404,7.081958009,8.464300594,11.6967073,14.22754325,18.59709615,21.56866715,25.87111301,27.75528178,31.09962115,34.24688156,37.9520195,41.86635892,43.36102836,48.39656005,54.48275057,61.44226911,68.86595791,
United Arab Emirates,ARE,0,0,0,0,0,0.102939175,0.375393534,3.295592694,6.908302986,14.94269899,23.62530088,26.2717542,28.31648531,29.47795341,30.13129617,40,52,61,63,64,68,78,84.9999915,88,90.4,90.5,90.60000732,94.81992254,98.45000178,99.14999998,100,
Argentina,ARG,0,0,0.002992874,0.029527065,0.043705951,0.086277081,0.141954704,0.280339882,0.83076668,3.284481956,7.038683086,9.780807285,10.88212438,11.91369655,16.03668411,17.72058337,20.9272021,25.94663294,28.11262348,34,45,51,55.8,59.9,64.7,68.04306411,70.96898082,74.29490687,77.7,79.9,85.5,
Armenia,ARM,0,0,0,0,0.009117014,0.052743123,0.094572902,0.111650935,0.128659478,0.970737757,1.300470022,1.631094667,1.960405046,4.575217225,4.899008571,5.252983352,5.631787777,6.021253397,6.21,15.3,25,32,37.5,41.9,54.62280586,59.10083377,64.34602977,64.74488433,68.24505226,66.54394969,76.51,
American Samoa,ASM,0,0,0,0,0,0,,,,,,,,,,,,,,,,,,,,,,,,,,
Antigua and Barbuda,ATG,0,0,0,0,0,2.200768802,2.858449577,3.480536838,4.0717165,5.300681138,6.482225737,8.899285515,12.5,17.22864878,24.26654372,27,30,34,38,42,47,52,58,63.4,67.78,70,73,,,,,
Australia,AUS,0.585094712,1.097203891,1.768764913,1.974611016,2.232101254,2.759654513,3.27524987,16.36935838,30.81323944,40.7837839,46.75611561,52.68926643,,,,63,66,69.45,71.67,74.25,76,79.48769771,79,83.45349717,84,84.56051491,86.54,86.54504885,87.6,88.6,89.6,
Austria,AUT,0.130369377,0.259081553,0.642817619,0.76534273,1.393422968,1.890210524,6.909162353,9.533974317,15.42121932,23.0443171,33.73013295,39.18545018,36.56,42.7,54.28,58,63.6,69.37,72.87,73.45,75.17,78.7399931,80.02999392,80.6188,80.99582496,83.94014193,84.32374257,87.93558659,87.47913723,87.75220479,87.52942813,
Azerbaijan,AZE,0,0,0,0,0.001431415,0.002055556,0.006354585,0.025187933,0.037485109,0.099228942,0.147757576,0.305564638,4.999713678,,,8.030375356,11.99217733,14.54,17.08,27.4,46,50,54.2,73.00000137,75.00001564,77,78.2,79,79.79999549,81.09999907,84.59999573,
Burundi,BDI,0,0,0,0,0,0,0.000803592,0.007979439,0.015842776,0.039204469,0.077248447,0.106001245,0.118228412,0.201273197,0.349060462,0.542142866,0.65759259,0.7,0.81,0.9,1,1.11,1.219999945,1.264218111,1.4,2,2.2,2.660748535,4.1,6.2,9.4,
Belgium,BEL,0.00100674,0.020072645,0.100041027,0.199446059,0.69599469,0.99166299,2.968411647,4.93808091,7.886622701,13.77221446,29.43169169,31.28839551,46.33,49.97,53.86,55.82,59.72,64.44,66,70,75,81.609996,80.71999055,82.1702,85,85.05294175,86.51647666,87.67968082,88.647343,90.27542981,91.52641629,
Benin,BEN,0,0,0,0,0,0,0.0016931,0.024648796,0.047877304,0.154906741,0.225247851,0.36341789,0.702945595,0.951327115,1.182540965,1.271031439,1.537854346,1.79,1.85,2.24,3.13,4.148323066,4.5,4.9,6,11.25498791,14.5,18.7,19,22.4,25.8,
Burkina Faso,BFA,0,0,0,0,0,0,0.000960519,0.018686353,0.045423484,0.061780293,0.077080169,0.157732465,0.200992598,0.373440303,0.400295285,0.469914489,0.632707564,0.75,0.92,1.13,2.4,3,3.725034916,5,6,8,12,16.8,17.4,18,22,
Bangladesh,BGD,0,0,0,0,0,0,,0.000751046,0.003684813,0.036170407,0.071039423,0.129807974,0.139920289,0.163877665,0.199036334,0.241637326,1,1.8,2.5,3.1,3.7,4.5,5,6.63,11.9,12.9,18.1,19.8,21.8,23.8,24.8,
Bulgaria,BGR,0,0,0,0.002339042,0.019526669,0.119665549,0.725251167,1.219813132,1.844965121,2.908154025,5.370923469,7.612297749,9.08,12.04,18.13,19.97,27.09,33.64,39.67,45,46.23,47.97999305,51.89998767,53.0615,55.49,56.65625161,59.82554766,63.41010138,64.78201069,67.94698094,70.16,
Bahrain,BHR,0,0,0,0,0,0.346205844,0.843254219,1.646299202,3.218202151,4.720358118,6.153732546,15.03863425,18.05072089,21.55494499,21.45868051,21.30373351,28.24395243,32.91,51.95,53,55,76.9999665,88,90.0000397,90.50313348,93.4783008,97.9999807,95.87813575,98.64467258,99.70149256,99.67,
"Bahamas, The",BHS,0,0,0,0,0,0.960030721,1.746950698,1.362953903,2.33559071,3.764557822,8,11.8,18,20,22,25,26,27,31.54,33.88,43,65,71.74820281,72,76.92,78,80,80.6,83,85,87,
Bosnia and Herzegovina,BIH,0,0,0,0,0,0,0.015125563,0.059425563,0.14367106,0.1943742,1.08296075,1.200526951,2.648267914,3.965036834,15.46897162,21.326701,25.12238569,27.92,34.66,37.74,42.75,43.88768653,45.06450043,48.52131417,49.91773243,52.6,60.25653543,64.89202051,70.12013504,69.94634763,73.21,
Belarus,BLR,0,0,0,0,0.000485951,0.002921254,0.029298294,0.049020891,0.073868897,0.494881245,1.860398126,4.300616022,8.950971315,,,,16.2,19.7,23,27.43,31.8,39.64889566,46.91,54.17,59.02,62.23036091,71.11304576,74.43644541,79.12988669,82.78915209,85.09,
Belize,BLZ,0,0,0,0,0,0.04539718,0.882807327,1.288582302,2.091516391,4.076740564,5.963835303,,5.684251214,,9.8,17,24,24.6,26.3,27.2,28.2,30.7,31,33.6,38.7,41.59,44.57574032,47.0826258,49.8,50.8,,
Bermuda,BMU,0,0,0,0,0,6.838163465,16.20246602,24.18925674,32.10375935,39.94758876,42.94986002,47.5096999,52.03159737,56.52201218,60.99086701,65.44706579,69.89965516,74.35059403,82.3,83.25,84.21,88.336,91.29930452,95.3,96.8,98.32360965,98,98.37,,,,
Bolivia,BOL,0,0,0,0,0,0.066807568,0.196081174,0.447839036,0.626484062,0.981815187,1.442763585,2.120462534,3.117192947,3.508596401,4.439924601,5.227583957,6.200671255,10.49924432,12.5,16.8,22.4,30,35.34,36.99,34.6,37.49,39.6975146,43.83227607,44.2861422,47.47481911,59.94010155,
Brazil,BRA,0,0.003288171,0.012946262,0.025498253,0.037672709,0.105138168,0.450789179,0.786079155,1.477874959,2.038732184,2.870685159,4.528494869,9.149425086,13.2075861,19.07367227,21.02274725,28.17838018,30.88,33.83,39.22,40.65,45.69,48.56,51.04,54.55100188,58.32795173,60.87254007,67.47128452,70.43428254,73.91244005,81.34269353,
Barbados,BRB,0,0,0,0,0,0.007752238,0.389464214,0.783428912,1.970249237,2.376247035,3.973678355,11.93645034,27.83632242,39.68962712,49.8,52.5,55.3,58.2,61.4,64.7,65.1,66.5,71.2,71.8,75.16,76.11,79.54939789,81.76077839,,,,
Brunei Darussalam,BRN,0,0,0,0,0,1.017080166,3.303349927,4.831057905,6.284742844,7.671041206,8.996284534,12.91776908,15.32987986,19.59500322,29.71560414,36.46639195,42.18634916,44.68,46,49,53,56,60.27306504,64.5,68.77,71.2,90,94.86669164,95,95,95,
Bhutan,BTN,0,0,0,0,0,0,,,,0.137571514,0.400944447,0.864628564,1.675802584,2.436912399,3.156984196,3.847106745,4.518317258,5.92,6.55,7.17,13.6,14.4,15.6,22.4,30.3,39.8,41.77264453,46.2,49.5,53.5,53.5,
Botswana,BWA,0,0,0,0,0,0.064521041,0.15745423,0.30774685,0.602400929,1.122391474,2.902666622,3.430886787,3.385922351,3.345190174,3.304889253,3.262554036,4.289932975,5.28,6.25,6.15,6,9,16,30,36.74474744,37.31205037,39.36299738,41.41379464,58,61,64,
Central African Republic,CAF,0,0,0,0,0,0,0.005849503,0.014270881,0.027878201,0.040894287,0.053394174,0.078543428,0.128537117,0.151563338,0.223401395,0.268195609,0.311159173,0.375815961,1,1.8,2,2.2,2.4,2.5,2.7,2.9,3.1,4,5.1,8.3,10.4,
Canada,CAN,0.360999701,0.570385926,0.91598104,1.184557509,2.378693853,4.163525253,6.76023965,15.07235736,24.8974003,36.18644004,51.3,60.2,61.59329927,64.2,65.95596346,71.66,72.4,73.2,76.7,80.3,80.3,83,83,85.8,87.12,90,91.16,92.70137191,94.64,96.5,96.97,
Central Europe and the Baltics,CEB,0,0.002110211,0.023377661,0.140246289,0.367437456,0.587341803,1.068812458,1.79192321,3.515199038,4.967280248,7.053821236,10.23883,18.25547593,22.5931211,29.24634069,34.75088949,40.80060882,45.28417403,50.68652882,55.09862076,58.59131297,59.11034673,61.71634151,63.46399045,66.48339261,67.35117029,71.34198079,73.40956731,75.98213727,78.72948708,81.77477559,
Switzerland,CHE,0.595714223,1.17995597,1.751713322,2.167270203,2.720004329,3.552007211,4.549656748,15.1,24.8,34,47.1,55.1,61.4,65.1,67.8,70.1,75.7,77.2,79.2,81.3,83.9,85.19302818,85.2,86.34,87.4,87.4790556,89.13468774,89.68614767,91.8,93.14608695,94.2,
Channel Islands,CHI,,,,,,,,,,,,,,,,,,,,,,,,,,,,,,,,
Chile,CHL,0,0,0.036548938,0.071783144,0.141084507,0.346980781,0.68347561,1.057092496,1.662322022,4.103419297,16.6,19.1,22.1,25.47377889,28.17791012,31.17534703,34.49775117,35.9,37.3,41.56,45,52.24960729,55.05,58,61.11,76.62959195,83.55858602,82.32748693,84.9,86.1,88.3,
China,CHN,0,0,0,0.00016868,0.001168115,0.00495471,0.013081692,0.032394861,0.168540297,0.708187957,1.775913207,2.639650215,4.595704331,6.2,7.3,8.523257003,10.52315262,16,22.6,28.9,34.3,38.3,42.30011749,45.8,47.9,50.3,53.2,54.3,59.2,64.10983774,70.40477542,
Cote d'Ivoire,CIV,0,0,0,0,0,0.000200256,0.00840978,0.018828361,0.060974439,0.118685917,0.231461671,0.395747702,0.497929361,0.758669629,0.849282415,1.039238205,1.524900791,1.8,1.9,2,2.7,2.9,4.4,6.6,10,16.7,25.3,34.8,37.54653613,36.28895457,,
Cameroon,CMR,0,0,0,0,0,0,,0.006768744,0.013216341,0.129067581,0.252120078,0.277051322,0.360871584,0.587622611,0.976075415,1.402654226,2.028744791,2.93,3.4,3.84,4.3,5,7.5,10,16.21487223,18.3,20.6,23.20297197,29.7,33.5,37.8,
"Congo, Dem. Rep.",COD,0,0,0,0,0,0,0.000108207,0.000211213,0.000413065,0.001009076,0.005902114,0.011475782,0.092790702,0.134914837,0.196208375,0.238037799,0.29605361,0.37,0.44,0.56,0.72,1.2,1.679961015,2.2,3,3.799999507,6.20997406,8.619904916,11.7,12.5,13.6,
"Congo, Rep.",COG,0,0,0,0,0,0,0.00352686,0.003469104,0.003415143,0.016791049,0.026354732,0.032223616,0.157249517,0.460014187,1.07750493,1.46342006,2.007990079,2.759704374,4.287509903,4.5,5,5.6,6.106695024,6.6,7.11,7.615974662,8.121949323,8.65,,,,
Colombia,COL,0,0,0,0,0.107173945,0.18804679,0.330017773,0.550521023,1.126225245,1.697730794,2.207532993,2.854199971,4.6,7.388923711,9.118690303,11.00726389,15.34167454,21.8,25.6,30,36.5,40.35091575,48.98,51.7,52.57,55.90497251,58.13649357,62.25988032,64.12637682,65.00690072,69.79,
Comoros,COM,0,0,0,0,0,0,,0,0.03787097,0.148162964,0.271740607,0.443068373,0.554869675,0.84818937,1.327327178,2,2.2,2.5,3,3.5,5.1,5.5,5.975296308,6.5,6.98,7.459161386,7.938322771,8.478170295,,,,
Cabo Verde,CPV,0,0,0,0,0,0,,0.24096792,0.472735008,1.159982461,1.822443852,2.685332713,3.518757175,4.324885391,5.31883207,6.074087107,6.808911008,8.28321982,14,21,30,32,34.74,37.5,40.26,42.68301416,50.32281787,57.16214635,59.5,61.94339776,64.5,
Costa Rica,CRI,0,0,0.001113325,0.081509754,0.279912479,0.416829206,0.84105704,1.640221288,2.666378698,3.904323257,5.800253023,9.559482135,19.89485113,20.33361481,20.79230671,22.07,25.1,28.4,32.29,34.33,36.5,39.212196,47.5,45.96,53,59.76295014,65.88044919,71.58166462,73.47972844,81.20259644,80.53018608,
Caribbean small states,CSS,0,0,0,0,0.014833905,0.168093321,0.552033163,0.900278279,1.939210571,2.952776001,4.230140138,6.861084375,10.59382042,13.4437963,15.35648232,17.90464772,20.82016398,24.4998464,27.66798763,31.75089746,35.39109463,42.14125388,42.11062514,44.52869309,47.82092106,49.96500365,52.26414964,57.71852501,,,,
Cuba,CUB,0,0,0,0,0,9.17E-05,0.031949001,0.068220214,0.226699199,0.314690541,0.541182549,1.079751722,3.770585038,5.241269054,8.407984759,9.738062208,11.15960131,11.69,12.94,14.33,15.9,16.0172908,21.2,27.93,29.07018437,37.30509742,42.97867519,57.14840432,62.67892362,67.97080866,74,
Curacao,CUW,,,,,,,,,,,,,,,,,,,,,,,,,,,61.85551074,68.12721625,,,,
Cayman Islands,CYM,0,0,0,0,0,3.948967193,,,,,,,,,,38.03438308,44.5,52,61,64.5,66,69.46594499,69.7,71.4,74.1,77,79,81.06769325,,,,
Cyprus,CYP,0,0,0.05006043,0.056367482,0.111034621,0.410120685,0.673343541,4.378272095,8.890539159,11.34239866,15.25539437,18.81875904,28.32,30.09,33.83,32.81,35.83,40.77,42.31,49.81,52.99,56.85989235,60.6898684,65.4548,69.33,71.71574092,75.9002054,80.74318897,84.43358252,86.06362996,90.80194723,
Czechia,CZE,0,0,0,0.581319529,1.259217838,1.45357584,1.940378193,2.915698695,3.895906065,6.832802018,9.780527888,14.69717212,23.93,34.3,35.5,35.27,47.93,51.93,62.97,64.43,68.82,70.49,73.43000782,74.1104,74.23171164,75.6688387,76.4811987,78.71917285,80.68816754,80.86694441,81.33889705,
Germany,DEU,0.125892223,0.250274153,0.43528529,0.463635096,0.922541043,1.837737754,3.054805234,6.711087477,9.877852428,20.84598264,30.2163466,31.65093942,48.82,55.9,64.73,68.71,72.16,75.16,78,79,82,81.26999954,82.34999847,84.17,86.19,87.58979935,84.16520664,84.3941537,87.03711209,88.13451691,89.81294133,
Djibouti,DJI,0,0,0,0,0,0.01603083,0.031166241,0.082941498,0.094696004,0.105761909,0.194500528,0.343526263,0.486971705,0.625940229,0.781317175,0.953611449,1.270041159,1.62,2.26,4,6.5,7,9.4,12.7,17,22.9,30.8,55.68140925,58,59,59,
Dominica,DMA,0,0,0,0,0,0.548762737,1.165518146,,2.925345191,2.932164377,8.814844198,13.24522804,18.42489277,23.62041985,30.31961309,38.54364326,39.3981743,40.27446301,41.16,42.02,47.45,48.6,49.8,51,57.5,65,67.03,69.61966879,,,,
Denmark,DNK,0.097277268,0.194056515,0.386913951,0.578329976,1.34430775,3.82565642,5.714987841,11.38200494,22.66874615,30.59204065,39.17243086,42.95752472,64.25,76.26,80.93,82.74,86.65,85.03,85.02,86.84,88.72,89.81001339,92.26001172,94.6297,95.99,96.33050162,96.96778525,97.09936216,97.31920437,98.04643475,96.54914573,
Dominican Republic,DOM,0,0,0,0,0,0.017233601,0.074987053,0.142687565,0.233914189,1.104743874,3.704692356,4.429390697,6.823725733,7.898392937,8.865553461,11.48319778,14.84492837,17.66,20.82,27.72,31.4,38,42.32,45.9,49.58,54.21576634,63.87086474,67.57124533,74.82204836,75.8,76.9,
Algeria,DZA,0,0,0,0,0.000360674,0.001768954,0.001738533,0.010268463,0.020238555,0.199523843,0.491705679,0.646114017,1.59164126,2.195359731,4.634475088,5.843942092,7.375984956,9.451190626,10.18,11.23,12.5,14.9,18.2,22.5,29.5,38.2,42.94552688,47.69105515,49.03846808,57.9,62.9,
East Asia & Pacific (excluding high income),EAP,0,1.79E-06,2.35E-05,0.000874958,0.003637682,0.011840086,0.033627578,0.094097722,0.323181779,0.852457294,1.893864676,2.778007096,4.40527733,5.75987423,6.879617375,8.313006025,10.16801889,14.38495551,19.27250855,23.78898317,28.97978016,32.40427946,35.75584725,38.32346661,41.21937914,44.15290412,47.67554633,50.0671344,55.73529561,60.55893543,66.59196271,
Early-demographic dividend,EAR,0.000242858,0.000959208,0.002356958,0.0054494,0.011410465,0.040377669,0.080194474,0.162571964,0.342002339,0.610515181,1.227261193,1.682055022,2.828285848,3.395432029,4.201648124,4.873934565,5.752670954,7.314519934,8.473965876,9.664196844,12.79285702,15.36355347,17.10776231,18.99934023,21.46585231,24.47004385,27.16990606,30.44538957,33.20463022,39.68158354,48.29986381,
East Asia & Pacific,EAS,0.007210875,0.014867534,0.031197618,0.06218368,0.107776621,0.193066879,0.467536911,1.083685583,1.885414684,3.417878198,5.609240705,7.278347751,9.03017047,10.57861929,12.62815282,14.6864727,16.63749845,20.79045747,25.28549312,29.55066235,34.27050505,37.40226005,40.4521747,43.3115593,46.091002,48.87998914,52.24225035,54.3732285,59.51553839,63.94029646,69.21808706,
Europe & Central Asia (excluding high income),ECA,0,0,0.000280207,0.007099495,0.032910301,0.085227059,0.186326041,0.355747289,0.576011454,1.005753779,1.869851375,2.777018541,4.91684719,7.198849248,10.44455732,11.89058299,14.41767262,19.88802845,25.34953007,32.07451723,37.64109093,43.95397939,49.77444265,52.9035574,56.97857206,58.85616389,62.54529192,66.34070097,72.6789529,76.78713197,80.1896819,
Europe & Central Asia,ECS,0.048057837,0.101974968,0.180908245,0.280383196,0.525900906,0.993127406,1.841429632,3.355169768,5.431180782,9.225803893,13.15625619,16.38033872,23.00713358,28.30975791,32.2957315,35.16140065,38.03142574,43.63716854,48.18250213,52.76033173,57.08757979,60.27293128,63.95801223,66.31938858,68.98341636,70.01831428,72.39662256,74.52881666,78.92040674,81.82335109,83.88905329,
Ecuador,ECU,0,0,0.005118035,0.016400751,0.034833586,0.043833641,0.086161276,0.110217959,0.125272771,0.823371634,1.462188536,2.670443674,4.260796915,4.460228345,4.834442638,5.994255161,7.2,10.8,18.8,24.6,29.03,31.36680836,35.13514645,40.27912194,45.59039067,48.94043379,54.06292473,55.8,57.5,61.6,64.6,
"Egypt, Arab Rep.",EGY,0,0,0,0.000975791,0.00638327,0.031319638,0.061466899,0.090480245,0.147987377,0.290445278,0.641265038,0.838945611,2.719999715,4.037885107,11.92,12.75,13.66,16.03,18.01,20,21.6,25.6,26.4,29.4,33.89460391,37.81938343,41.24806709,44.95020425,46.92433677,57.2828664,71.91420097,
Euro area,EMU,0.072533659,0.160173021,0.311158038,0.459291041,0.829154398,1.667650071,2.880524164,5.097867571,8.004288293,15.19856263,22.46602309,27.30764859,35.08318583,42.00888199,47.37316244,51.1537094,54.84001905,61.31145851,64.79549136,67.10514392,71.0268965,72.01351298,74.11892682,75.85040857,77.08923661,77.47168696,77.96842653,79.64010814,82.98396015,84.82612004,85.26189322,
Eritrea,ERI,0,0,0,0,0,0,0,0.009017718,0.008774236,0.025495028,0.136711941,0.157815289,0.227090138,,,,,0.41,0.47,0.54,0.61,0.7,0.8,0.9,0.99,1.083733116,1.17711872,1.30890698,,,,
Spain,ESP,0.012873564,0.025686194,0.076845453,0.127689668,0.280069738,0.380800728,1.331847404,2.803319625,4.361892394,7.085039678,13.62496081,18.14872269,20.39,39.93,44.01,47.88,50.37,55.11,59.6,62.4,65.8,67.08999939,69.80999994,71.635,76.19,78.68963187,80.56133294,84.6022457,86.10723553,90.71866533,93.20564892,
Estonia,EST,0,0,0.065484797,0.300711282,1.159750913,2.778968489,3.525111129,5.706276548,10.79603483,14.50089724,28.57695381,31.52748977,41.52,45.32,53.2,61.45,63.51,66.19,70.58,72.5,74.1,76.5,78.38992593,80.0043,84.24152803,88.4097035,87.24023275,88.10245687,89.35700777,90.2289282,89.05828666,
Ethiopia,ETH,0,0,0,0,0,1.75E-05,0.001703448,0.00496672,0.009663517,0.012541599,0.015263767,0.037162381,0.072402262,0.105811659,0.155334521,0.219659819,0.310592657,0.37,0.45,0.54,0.75,1.1,2.9,4.6,7.7,13.85517556,15.36692386,18.61805145,20,22,24,
European Union,EUU,0.066722373,0.145183746,0.27183936,0.415061288,0.785199203,1.514689422,2.624622872,4.802360845,7.693032379,13.62786044,19.6471689,24.13899345,32.12826306,38.60779465,44.1873074,48.30194366,52.55020496,58.24910496,62.25009477,64.99283522,68.69564215,69.66177789,71.85745131,73.61036925,75.18550451,75.65441583,76.89717496,78.68381265,81.73837314,83.84421329,84.7434799,
Fragile and conflict affected situations,FCS,0,0,0.000534422,0.001827077,0.002544668,0.006363173,0.019944611,0.04432127,0.117595834,0.222506469,0.332312984,0.377773577,0.668350951,0.917159407,1.305905647,2.305666772,3.231898147,4.395938833,4.985349418,6.250662756,7.952578594,9.166871098,10.97545765,12.86739569,15.05582727,17.73108048,20.18984259,23.14980163,25.53025234,28.23174443,28.41175612,
Finland,FIN,0.40108767,1.397439332,1.88687977,2.568461349,4.915098554,13.90030389,16.78007526,19.4586828,25.45252493,32.29509229,37.24846174,43.10536335,62.43,69.22,72.39,74.48,79.66,80.78,83.67,82.49,86.89,88.70999491,89.87999797,91.5144,86.53039275,86.42213333,87.70364996,87.46892907,88.88996,89.60738511,92.17,
Fiji,FJI,0,0,0,0.006678447,0.007907399,0.009115343,0.064437142,0.223454842,0.633167865,0.942462063,1.496854734,1.857978594,6.1526497,6.725434738,7.412943485,8.453636634,9.6000384,10.89783105,13,17,20,28,33.74235675,35.2,37.4,42.5,49.42,65.78,68.9,,,
France,FRA,0.052777862,0.140113895,0.279049463,0.590619383,0.899867425,1.637947245,2.584033979,4.255003872,6.319778722,9.125317889,14.30792394,26.32590355,30.18,36.14,39.15,42.87,46.87,66.09,70.68,71.58,77.28,77.81999899,81.44,81.9198,83.75,78.00603771,79.26981132,80.50245972,82.04318678,83.33974409,84.8,
Faroe Islands,FRO,0,0,0,0,0,0,2.318786811,4.601297566,11.33786848,22.29753835,32.91639236,43.24698352,53.29922183,58.91264097,66.53359947,67.90263174,69.35944512,75.98,75.57,75.18,75.2,80.7321728,85.33518924,90,93.3,94.2,95.10868167,97.58195894,,,,
"Micronesia, Fed. Sts.",FSM,0,0,0,0,0,0,0.278037795,0.570676845,1.858718785,2.797594069,3.734862137,4.660527199,5.570099705,9.2325021,11.01786731,11.8813691,12.75033925,13.62113273,14.49,15.35,20,22.8,25.974423,27.8,29.65,31.50108128,33.35216255,35.30405287,,,,
Gabon,GAB,0,0,0,0,0,0,0,0.047999009,0.17012488,0.249009564,1.216140618,1.347620222,1.939530106,2.659586594,2.9790698,4.89326475,5.489200803,5.767004576,7.5,9.5,13,18,24,30.53803344,38.07120929,45.78453653,48.05227375,50.32012015,59.6,61,62,
United Kingdom,GBR,0.087355319,0.174230922,0.260615159,0.519762001,1.036609166,1.895168284,4.123650336,7.385398957,13.6699831,21.29363827,26.82175435,33.48109487,56.48,64.82,65.61,70,68.82,75.09,78.39,83.56,85,85.37999855,87.47999842,89.8441,91.61,92.00029987,94.77580063,90.42455049,90.69200899,92.51662855,94.81820132,
Georgia,GEO,0,0,0,0,0,0.011836885,0.040065419,0.060930333,0.102830957,0.416343567,0.484746299,0.992344436,1.58787563,2.558816481,3.886221354,6.079457629,7.526876845,8.26,10.01,20.07,26.9,31.52,36.94,43.3,44,47.56975964,58.45928961,59.7055046,62.7179082,68.84670565,72.53158402,
Ghana,GHA,0,0,0,0,0,0.000347918,0.005648763,0.027537542,0.032240443,0.104895466,0.153615298,0.20000806,0.830284034,1.193057911,1.716797704,1.831197461,2.723175973,3.85,4.27,5.44,7.8,9,10.6,15,19,23,28,37.88415262,43,53,58,
Gibraltar,GIB,0,0,0,0,0,0,,2.662907268,4.183794329,5.936978297,19.13163812,21.17110944,23.67023975,28.32577979,32.88608261,39.07013088,45.29864751,51.61,58,65.07,65,65,65.017,,,,94.44447158,,,,,
Guinea,GIN,0,0,0,0,0.000138318,0.000668589,0.001948942,0.003803109,0.006203369,0.060808919,0.095424924,0.175541868,0.402022749,0.450960371,0.508819332,0.542254181,0.637492123,0.780025279,0.92,0.94,1,2,3.1,4.5,6.4,9.2,13.1,18.7,21.83002304,23,26,
"Gambia, The",GMB,0,0,0,0,0,0.009217541,0.03550736,0.051311347,0.206094461,0.715827015,0.921794919,1.336791166,1.796779883,2.436781193,3.308003478,3.799001139,5.237691158,6.205037419,6.88,7.63,9.2,10.8703,12.44922872,14,15.56,18.2,21.4,25.1,32.6,34.5,36.5,
Guinea-Bissau,GNB,0,0,0,0,0,0,,0.016389063,0.024060421,0.117702448,0.230103171,0.299569145,1.022993234,1.354197478,1.808142203,1.901365316,2.057196705,2.206302237,2.354888711,2.303280592,2.45,2.672,2.893990621,3.1,3.32,6.1,13.8,14.8,15.7,19.4,22.9,
Equatorial Guinea,GNQ,0,0,0,0,0,0,,0.041462292,0.094423774,0.097415945,0.132354665,0.165260423,0.321197997,0.520524272,0.843930285,1.149789671,1.279193596,1.557123059,1.82,2.13,6,11.5,13.94318219,16.4,18.86,21.3199999,23.7799999,26.239999,,,,
Greece,GRC,0,0.048788803,0.048291602,0.191062242,0.378174312,0.749616477,1.395360779,1.849634688,3.221821786,6.877292144,9.138837308,10.93502581,14.67,17.8,21.42,24,32.25,35.88,38.2,42.4,44.4,51.64999517,55.06999344,59.8663,63.21,66.83495949,69.08791547,69.89297065,72.23837339,75.67120669,78.11584474,
Grenada,GRD,0,0,0,0,0,0,0.298032982,0.990883868,1.484854484,2.473166147,4.063907991,5.128103982,14.75884055,18.64518218,19.57062058,20.48780488,21.39599117,22.29,23.18,24.05,27,30,32,35,51.6,52.5,53.3,54.2,55.1,56,56.9,
Greenland,GRL,0,0,0,0,0.064712121,0.053940342,1.796719191,7.954504682,14.65444717,21.60261331,31.74781123,35.46413689,44.15478903,54.53425983,56.09901476,57.7034045,59.36168727,61.07,62.82,62.83,63,64,64.8960101,65.8,66.7,67.60044348,68.50087368,69.48246178,,,,
Guatemala,GTM,0,0,0,0,0,0.002998005,0.019534871,0.095476021,0.466590444,0.592652945,0.712332905,1.738201782,3.39174627,4.548854908,5.1,5.7,6.5,7.3,8.3,9.3,10.5,12.3,16,19.7,23.4,28.80594156,34.50932609,37.9,41.5,44.40104984,49.97,
Guam,GUM,0,0,0,0,0.34845391,0.659530909,1.356106888,2.344571647,4.50128419,8.497176323,16.11312704,25.38022753,31.19229426,33.71668179,36.16178784,38.55987756,43.851443,46.15047362,48.41870215,50.64202838,54.04,57.7,61.53415931,65.4,69.27,73.13999995,77.00999989,80.50546556,,,,
Guyana,GUY,0,0,0,0,0,0,0.065854115,0.131828033,0.26408811,0.4,0.6,1,1.5,2.4,3.7,5.7,8.9,13.8,18.2,23.9,29.9,30,30.5,31,32,34,35.66,37.32583679,,,,
High income,HIC,0.254363037,0.411485261,0.654116105,0.932192827,1.879081409,3.530147017,6.492213455,10.25485849,15.44369571,22.31074619,29.93519159,35.90892379,44.19873063,48.87979226,54.09019994,57.85879245,60.59586327,65.97176702,68.14191012,69.45772189,71.58539317,72.14159627,74.88504398,76.29465745,77.97921635,79.43867762,83.76970307,85.33294644,87.12906287,88.71080516,89.55406103,
"Hong Kong SAR, China",HKG,0,0.120955444,0.849527883,1.334568031,2.784198266,3.218635643,4.748838672,10.51875705,14.54597958,21.23068197,27.82776068,38.67140323,43.08238303,52.20004335,56.39988039,56.9,60.8,64.8,66.7,69.4,72,72.2,72.9,74.2,79.86627043,84.94835296,87.47941467,89.41594465,90.50739533,91.74340039,92.41313602,
Honduras,HND,0,0,0,0,0,0.036775252,0.043711246,0.170996468,0.301247214,0.573575476,1.203855999,1.415281931,2.597402597,4.8,5.6,6.5,7.8,9.4,9.6,9.8,11.09,15.9,18.12,17.8,23,27.1,29.5,31.7,36,39.38835219,42.05,
Heavily indebted poor countries (HIPC),HPC,0,0,0,0,0.000299313,0.002469548,0.008777943,0.024006307,0.043981731,0.1009966,0.164202531,0.239454343,0.397566876,0.609013287,0.900976435,1.186767475,1.508192308,2.365295025,2.216824946,2.72804384,3.390149819,3.994558998,4.976515765,6.028407561,7.896131996,10.55795136,13.1685195,16.5066173,20.19019931,22.56999984,25.04477983,
Croatia,HRV,0,0,0,0.097213389,0.268318997,0.51402859,0.858982368,1.729609312,3.273220279,4.405359119,6.644882544,11.55857318,17.76,22.75,30.91,33.14,37.98,41.44,44.24,50.58,56.55,57.78997899,61.93997315,66.7476,68.57,69.84503592,72.69726967,67.09619204,75.29462599,79.07978368,78.32093274,
Haiti,HTI,0,0,0,0,0,0,0.007484253,,0.023999477,0.070658478,0.231270715,0.340832326,0.893432988,1.647358346,5.401261908,6.376201635,6.796000481,7.2,7.6,8.1,8.37,9,9.8,10.6,11.4,14.2,22.8,27.2,32.47362713,33.3,34.5,
Hungary,HUN,0,0.00338263,0.048353421,0.193414395,0.483580975,0.677486054,0.969239536,1.942449872,3.894643278,5.857840749,6.999676351,14.5285543,16.67,21.63,27.74,38.97,47.06,53.3,61,62,65,68.01998789,70.57999815,72.6439,75.65319745,72.83473703,79.25941213,76.75054712,76.07436064,80.37169361,84.77115202,
IBRD only,IBD,0,0.000478196,0.002251577,0.006582721,0.017943908,0.049308586,0.109853977,0.217520988,0.492012385,0.965836293,1.865654304,2.682844434,4.486887469,5.767441543,7.378439977,8.680222091,10.51848872,13.73205755,17.16971706,20.78560625,25.07285755,28.66719287,31.67699335,34.13300596,36.37723189,39.18590774,42.2131249,44.9869425,48.72956337,54.7274846,62.71322544,
IDA & IBRD total,IBT,0,0.000385754,0.001812068,0.005285692,0.014400048,0.039558407,0.093103183,0.179311911,0.402013257,0.780966177,1.560372179,2.189108702,3.670504233,4.783136634,6.121209584,7.235907214,8.859077254,11.44554452,14.2264676,17.15792045,20.70459747,23.59418858,26.1183556,28.25075451,30.53076619,33.17308308,35.89687178,38.6071055,42.39934704,47.58328541,54.43219285,
IDA total,IDA,0,0,0,5.59E-06,0.000158516,0.000876333,0.005934768,0.018228361,0.034987504,0.07369152,0.155612584,0.37336867,0.709230166,1.268855846,1.679816486,2.178579052,2.87662183,3.66577183,4.062911271,4.792224697,5.86674111,6.731127142,7.866268846,9.310254969,11.86454648,14.24304495,16.77211685,19.57047775,22.55450961,25.14957877,28.13114508,
IDA blend,IDB,0,0,0,1.67E-05,8.28E-05,0.00082721,0.007211882,0.025469939,0.04330186,0.076698706,,0.71876222,1.416313453,2.725475254,3.508013556,4.444492546,5.477430755,6.233094391,6.963127592,7.932915141,9.351859771,10.59306658,12.16474066,14.25430821,16.53199397,18.91860563,20.2867485,22.11053415,25.35513713,27.9969172,32.86807116,
Indonesia,IDN,0,0,0,0,0.001059744,0.026109477,0.056623989,0.194910264,0.255306646,0.444415936,0.925563864,2.018613859,2.134135733,2.38701978,2.600285876,3.602024763,4.764813134,5.786274729,7.917479385,6.92,10.92,12.28,14.52,14.94,17.14,22.0627426,25.4473537,32.33580625,39.90463864,47.69064898,53.72649449,
IDA only,IDX,0,0,0,0,0.000196528,0.000900997,,0.014039887,0.030325098,0.072137674,0.133968197,0.200189174,0.354222033,0.535937649,0.760758745,1.035407378,1.481868514,2.379694487,2.535353115,3.135950745,4.000151319,4.688205989,5.588383597,6.714852538,9.410614719,11.78193974,14.99184186,18.28554264,21.03386797,23.56396793,25.34959008,
Isle of Man,IMN,,,,,,,,,,,,,,,,,,,,,,,,,,,,,,,,
India,IND,0,0,0.000111308,0.000218176,0.001069562,0.026228879,0.046333977,0.070767849,0.139027329,0.273224277,0.52753245,0.660146377,1.537875582,1.686489971,1.976136492,2.388075,2.805499865,3.95,4.38,5.12,7.5,10.07,11.1,12.3,13.5,14.9,16.5,18.2,20.08130004,29.4,43,
Not classified,INX,,,,,,,,,,,,,,,,,,,,,,,,,,,,,,,,
Ireland,IRL,0,0.056796044,0.169686377,0.281141005,0.558377222,1.108386328,2.199301832,4.08825507,8.096010043,10.93380859,17.85046724,23.13881219,25.85,34.31,36.99,41.61,54.82,61.15832455,65.34,67.38,69.85,74.88997297,76.91999254,78.2477,83.49172234,83.49479167,83.5,84.11400706,87.00014011,87.00005524,91.99989097,
"Iran, Islamic Rep.",IRN,0,0,0,0,0.000408332,0.004179752,0.01582608,0.046756094,0.099815221,0.378569095,0.93419002,1.484221332,4.626175115,6.933721953,7.49,8.1,8.76,9.47,12.02,13.8,15.9,19,22.73,29.95,39.35,45.33497615,53.22677167,64.04397362,70.200565,77.77083846,84.11087002,
Iraq,IRQ,0,0,0,0,0,0,,,,,,0.1,0.5,0.6,0.9,0.9,0.952344244,0.93,1,1.06,2.5,5,7.1,9.2,13.21,16.8,37.67,41.94,43.3,60,,
Iceland,ISL,0,0.505129002,1.53916008,2.667825265,6.794811784,11.2158757,14.80647932,27.47886875,36.2642065,41.29456671,44.47053382,49.39299537,79.12,83.14,83.88,87,89.51,90.6,91,93,93.39,94.8196868,96.20979955,96.5468,98.16,98.2,98.2400163,98.25520119,99.01095399,99,99,
Israel,ISR,0.110773866,0.2146241,0.310579197,0.398833333,0.57696646,0.93042297,2.1683676,4.399405482,10.30706995,13.43612191,20.87379,17.37862386,17.76459906,19.59339366,22.77048553,25.19404242,27.88107446,48.12806219,59.39,63.12,67.5,68.87387799,70.8,70.25031195,75.01775316,77.35208966,79.65312418,81.58118359,83.73315696,86.78787762,90.12734091,
Italy,ITA,0.017544562,0.035063256,0.070053433,0.122462053,0.192304619,0.524412787,1.023289903,2.276737834,4.558519565,14.37841019,23.11087424,27.22211698,28.04,29.04,33.24,35,37.99,40.79,44.53,48.83,53.68,54.3899983,55.82999799,58.4593,55.63846022,58.14173496,61.32425277,63.077347,74.38718292,76.1,70.48342785,
Jamaica,JAM,0,0,0,0,0.036817104,0.109487986,0.591145842,0.797797441,1.978726318,2.355688556,3.115778027,3.863020387,6.1,7.8,10,12.8,16.4,21.1,23.6,24.3,27.67,37.43861341,33.79,37.1,40.4027351,42.22122119,44.36685637,55.07206705,68.21451709,,,
Jordan,JOR,0,0,0,0,0,0.02323392,0.044938549,0.599341106,1.305888264,2.526965353,2.623275422,4.705719581,6.025532412,8.466005016,11.65874137,12.93285205,13.86710879,20,23,26,27.2,34.9,37,41.4,46.2,54.22,56.15,64.5,66.1,,,
Japan,JPN,0.020293683,0.040438041,0.096678025,0.401277526,0.799684291,1.594363148,4.372981968,9.16307714,13.41404088,21.39129031,29.99074036,38.53206086,46.59420112,48.43526589,62.39392963,66.9210661,68.68527032,74.3,75.4,78,78.21,79.05411352,79.4964,88.21942891,89.10683302,91.05802839,93.18272128,91.72654724,91.28,92.73039781,90.21945812,
Kazakhstan,KAZ,0,0,0,0,0.000521079,0.011302355,0.031824512,0.064596754,0.131069604,0.464277218,0.668594403,1.006124211,1.674770995,2.000414753,2.650394657,2.961707492,3.268369051,4.02,11,18.2,31.6,50.6,61.90662747,63.30422443,66,70.8299336,74.58772647,76.42674823,78.90391906,81.87762047,85.94259898,
Kenya,KEN,0,0,0,0,0,0.000727482,0.008839115,0.034406051,0.050261388,0.114256028,0.318059714,0.619782266,1.207773885,2.941902861,3.023528042,3.101897702,3.6,4.4,5.2,6.1,7.2,8.8,10.5,13,16.5,16.58785485,16.6,17.82710021,19.5,22.56511937,29.5,
Kyrgyz Republic,KGZ,0,0,0,0,0,0,,,0.072808334,0.20471135,1.041401145,3.002941327,2.99926518,3.908766268,5.090385307,10.53380134,12.306907,14.03,15.7,16,16.3,17.5,19.8,23,28.3,30.24704278,34.5,38.19903776,42.8,51,,
Cambodia,KHM,0,0,0,0,0,0,,0.005844911,0.016324986,0.031969578,0.04702264,0.076956056,0.226983238,0.260570198,0.300436644,0.317321781,0.46835672,0.49,0.51,0.53,1.26,3.1,4.94,6,14,18,32.39845171,32.90027854,,,,
Kiribati,KIR,0,0,0,0,0,0,,,0.616545618,1.211577838,1.785225474,2.337458948,2.5,3,3.5,4,4.5,6,7,8.97,9.07,10,10.74679768,11.5,12.25,14.9,18.7,23.4,29.4,36.9,38,
St. Kitts and Nevis,KNA,0,0,0,0,0,0,1.945569823,2.258559942,3.343810607,4.400440044,5.86281024,7.714726556,21.15238176,22.96978429,24.73767754,34,38.5,43.5,49.2,55.7,63,63.2,64,64.6,68,75.7,76.81767491,80.71019081,,,,
"Korea, Rep.",KOR,0.023265092,0.046124435,0.098404337,0.249946523,0.311359364,0.81968667,1.624237192,3.600801564,6.781815468,23.55219445,44.7,56.6,59.4,65.5,72.7,73.5,78.1,78.8,81,81.6,83.7,83.75912015,84.07,84.77,87.55682649,89.8962558,92.84302568,95.06942188,96.02285958,96.15757918,96.50505968,
Kuwait,KWT,0,0,0,0.091082245,0.147162703,0.202898433,0.855662317,2.174535859,3.052397455,4.756222209,6.731395768,8.551792434,10.24896793,22.40293838,22.92711204,25.92610837,28.79119795,34.8,42,50.8,61.4,65.76907069,70.45,75.46,78.7,82,85.6,97.99998933,99.59884959,99.54267645,99.10587967,
Latin America & Caribbean (excluding high income),LAC,0,0.002472534,0.0088843,0.018987736,0.03975523,0.093448329,0.286572998,0.574792719,1.135922819,1.829612624,3.351716098,5.057812443,8.474000318,10.83338233,14.13285577,16.23911926,20.46356172,23.33458183,25.93361696,30.35216763,33.97775005,38.63771911,42.15908027,45.10389366,47.67576675,53.32445458,56.40381877,61.61891966,64.70366012,68.05599178,73.19701922,
Lao PDR,LAO,0,0,0,0,0,0,,,0.009657814,0.037780708,0.111044032,0.181664461,0.267899241,0.333912466,0.36143449,0.85035749,1.169893428,1.64,3.55,6,7,9,10.74767619,12.5,14.26,18.2,21.87,25.51043508,29.1,30.84,33.8,
Lebanon,LBN,0,0,0,0,0,0.071617991,0.140166939,1.241079739,2.722352199,5.376809498,7.952743736,6.783219775,7,8,9,10.14,15,18.74,22.53,30.14,43.68,52,61.24978572,70.5,73,74,76.11,78.18077489,80.9,80.9,84.1,
Liberia,LBR,0,0,0,0,0,0,,0.004489443,0.004099387,0.011328732,0.017702706,0.033812227,0.032713307,0.031868935,0.031011185,,,0.551376581,0.53,2,2.3,2.5,2.6,3.2,5.41,10,15.7,16.3,18.9,22,25.6,
Libya,LBY,0,0,0,0,0,0,,,,0.133617289,0.187042622,0.366533175,2.244418222,2.814517987,3.532838162,3.917787977,4.301051789,4.721999379,9,10.8,14,14,15.2,16.5,17.76,,,,,,,
St. Lucia,LCA,0,0,0,0,0,0.305656686,0.670465974,0.992168483,1.304988973,1.932105802,5.090483341,8.181863954,14.64183577,20.98247346,21.39521236,21.56758295,24.5,27.9,30,31,32.5,34,34.82,36,39.7,41.7,43.8,46,48.3,50.7,53.3,
Latin America & Caribbean,LCN,0,0.002226482,0.009637491,0.02112127,0.043406891,0.105625846,0.309551535,0.608914643,1.228739337,2.046568508,3.875832027,5.613683503,8.842317922,11.25331778,14.38350631,16.60141266,20.7376668,23.71184669,26.5140438,31.03929555,34.70214119,39.33849068,43.15839864,46.22867538,48.77231473,54.39036682,57.52878516,62.34462975,65.43800537,68.72758685,73.68558357,
Least developed countries: UN classification,LDC,0,0,0,0,0.000108221,0.000344484,,0.008533565,0.021163805,0.057581782,0.099059224,0.144156857,0.235923604,0.355240544,0.540441411,0.762269282,1.073100371,1.874981464,1.889382414,2.389254762,3.099204461,3.764119711,4.651387646,5.794421529,8.63296135,10.81946235,13.87580377,16.75401814,19.47371007,21.85375498,24.08746659,
Low income,LIC,0,0,0,0,0.000181505,0.000446398,0.002009638,0.009834967,0.02330475,0.054390858,0.081050236,0.124828429,0.298729119,0.435984734,0.594405706,0.879339856,1.139462349,2.228458875,2.073364875,2.710321653,3.326847659,3.786672004,4.596026927,5.37036672,7.008198374,9.147539109,11.07833615,13.75559123,16.22662208,18.13061168,20.58744486,
Liechtenstein,LIE,0,0,0,0,0,0,,,,,36.51522989,45.11685265,59.47071067,58.80969184,64.00744814,63.37135615,64.21416136,65.08021844,70,75,80,85,89.4077,93.8,95.21,96.6411951,98.09390389,99.54661245,,,,
Sri Lanka,LKA,0,0,0,0,0.002765448,0.005484436,0.054464499,0.162464548,0.296351104,0.348414425,0.647410011,0.793821864,1.050422706,1.458580228,1.44615998,1.792046794,2.537566129,3.88,,,,,,,10.5,12.1,15.1,21.3,26,29,35,
Lower middle income,LMC,0,0,4.83E-05,0.000140684,0.001345715,0.017325644,0.037981924,0.074326873,0.1574614,0.285306654,0.578562242,0.887769035,1.659654644,2.207168698,3.031518773,3.771129158,4.612480699,5.73897953,6.816498365,7.84292415,10.64135124,12.79057401,14.37279891,16.10980027,18.50736713,20.9458754,23.67811691,26.74539878,30.08918395,36.42944581,45.10176749,
Low & middle income,LMY,0,0.000346445,0.00122253,0.003728356,0.010214094,0.031973325,0.076749891,0.153135872,0.34282362,0.697501101,1.421037576,2.023622625,3.423695846,4.488752217,5.754734899,6.795289882,8.357372645,10.9107886,13.64541148,16.51790003,20.0473928,22.94602653,25.4426428,27.56276287,29.95116715,32.59002605,35.30322336,38.05857379,41.96529445,47.18961199,54.09065969,
Lesotho,LSO,0,0,0,0,0,0,0.00284594,0.005584433,0.010956533,0.05380446,0.21180607,0.261150063,1.083943137,1.53249659,2.175524339,2.580245484,2.979708187,3.44543126,3.58,3.72,3.86,7,10,15,22,25,32.45385695,39,40.8,42.30173357,43,
Late-demographic dividend,LTE,0,0.00054023,0.002986272,0.008650262,0.02554418,0.056100989,0.140349905,0.269228878,0.629001226,1.264988959,2.467243792,3.55313008,5.907808132,8.019486705,10.35992927,12.2625705,15.11109118,19.95679683,25.70993232,31.68678005,36.64806009,40.86332706,45.0866825,48.06391586,50.78489503,53.37475342,56.72490813,59.06063649,63.7491863,67.9623829,73.85884898,
Lithuania,LTU,0,0,0,0,0,0,0.277421291,0.978422157,1.972063745,2.9230547,6.427067495,7.179356994,17.69,25.91,31.23,36.22,43.9,49.9,55.22,59.76,62.12,63.6399774,67.22998933,68.4529,72.13,71.37805901,74.37664556,77.61525651,79.72258277,81.58186838,83.05555096,
Luxembourg,LUX,0,0,0.153198791,0.302155121,0.496486119,1.590941911,5.551653306,7.142704085,11.74555372,17.3879578,22.88732797,36.16342251,39.84,54.55,65.88,70,72.51,78.92,82.23,87.31,90.62,90.02985856,91.94992374,93.7765,94.67,96.37671417,98.13669867,97.36296032,97.06129871,97.12063569,98.82242384,
Latvia,LVA,0,0,0,0,0,0,0.812717072,2.053454712,3.315267886,4.387409055,6.319062083,7.219345808,21.94,26.98,38.58,46,53.63,59.17,63.41,66.84,68.42,69.74995456,73.11994377,75.2344,75.83,79.20058292,79.84209778,80.114077,83.57717486,86.13545644,88.9,
"Macao SAR, China",MAC,0,0,0,0,0.036993376,0.280014086,0.727273598,2.364127672,7.003324245,9.212005085,13.60858974,22.52121677,25.17188016,25.74212398,31.48409738,34.86292717,46.4,47.327,49.24,54,55.198,60.20369672,61.31,65.8,69.78,77.60013186,81.64298546,83.17408907,83.79408961,86.46792571,88.1,
St. Martin (French part),MAF,,,,,,,,,,,,,,,,,,,,,,,,,,,,,,,,
Morocco,MAR,0,0,0,0,0,0.003710492,0.005675444,0.021635203,0.142300767,0.175595345,0.693791245,1.371438101,2.373253192,3.353366681,11.60793477,15.08444452,19.77119157,21.5,33.1,41.3,52,46.1074826,55.41605319,56,56.8,57.07999935,58.27123642,61.76221201,64.80386519,74.37631447,84.12036305,
Monaco,MCO,0,0,0,0,0,0,,,,,42.18486345,46.64614236,48.04711717,49.49116892,52.49019668,55.46482606,61.47603971,64.3776824,67.25,70.1,75,80.3,87,90.7,92.4,93.36330202,95.20817797,97.05297684,,,,
Moldova,MDA,0,0,0,0,0.000825391,0.003457217,0.004643901,0.028128808,0.260818206,0.600695269,1.282846417,1.487812952,3.787242799,7.407544584,10.62939084,14.63027046,19.62064771,20.45,23.39,27.5,32.3,38,43.37,60,67,69.00000447,70.99999911,76.12451989,,,,
Madagascar,MDG,0,0,0,0,0,0,0.003695196,0.014333647,0.062561023,0.168608781,0.196394691,0.222511586,0.339720155,0.423252419,0.525353655,0.567721802,0.607552239,0.65,1.65,1.63,1.7,1.9,2.3,3,3.7,4.17397219,4.713662899,9.8,15,,,
Maldives,MDV,0,0,0,0,0,0,0.22693009,0.309444238,0.569627464,1.119908615,2.203872939,3.617290649,5.347765169,5.97659285,6.588254875,6.869605067,11.03635278,16.3,23.2,24.8,26.53,34,38.9301,44.1,49.28,54.46195515,59.09258997,61.25,62.07,62.5,62.93,
Middle East & North Africa,MEA,0.001938978,0.0037766,0.005521886,0.007987148,0.013151886,0.031096425,0.083896795,0.229256657,0.490050135,0.928125351,1.707568049,2.098148052,3.780263065,5.156982886,8.431721542,9.841716262,11.88290653,15.12908337,18.83848775,21.73891308,25.03272652,28.00577631,31.54395512,35.51562456,40.41354776,44.84419742,50.28753505,56.63393196,61.44427625,69.28152491,77.83233394,
Mexico,MEX,0,0.005880695,0.01730781,0.028305042,0.043339167,0.10256419,0.20040628,0.62731154,1.265783278,1.857436221,5.081384153,7.038023117,11.9,12.9,14.1,17.21,19.52,20.81,21.71,26.34,31.05,37.17629541,39.75,43.46,44.39,57.43104299,59.540446,63.85224909,65.77263448,70.06991047,71.96819405,
Marshall Islands,MHL,0,0,0,0,0,0,0.037059432,,,0.966071567,1.534271796,1.706614078,2.335444575,2.569750367,3.599776814,3.878702398,3.795590214,3.95,4.6,5.6,7,10,12.5,14,16.8,19.2824418,29.78777936,38.70116262,,,,
Middle income,MIC,0,0.000372864,0.001316972,0.004020434,0.011011254,0.034513228,0.082093302,0.164633439,0.368703349,0.749594741,1.535809484,2.189837062,3.701533418,4.854357976,6.226907332,7.340902059,8.962269735,11.74743127,14.68805177,17.7819075,21.56293233,24.75327768,27.43704274,29.75833652,32.14006053,34.86343794,37.86223764,40.66564499,44.48347888,49.9495458,57.25656149,
North Macedonia,MKD,0,0,0,0,0,0.04074384,0.075995734,0.503985009,1.002861666,1.49733026,2.485566316,3.468184608,17.33,19.07,24.44,26.45,28.62,36.3,46.04,51.77,51.9,56.7,57.44994731,65.24,68.06,70.38020308,72.15681447,74.51682418,79.16775519,81.41288276,81.40553811,
Mali,MLI,0,0,0,0,0,0,0.002055228,0.010085919,0.019793888,0.060909873,0.142545755,0.185897413,0.227045578,0.310364443,0.43281964,0.507063136,0.729627281,0.81,1.57,1.8,2,2.2,2.8,3.5,7,10.33,14,18.9,21.4,24.2,27.4,
Malta,MLT,0,0,0,0,0,0.224995699,1.051527475,3.920605132,6.500783995,7.759798038,13.11370871,17.87784832,28.92,31.64,34.62,41.24,40.41,46.9,50.08,58.86,63,68.01982379,68.19987429,68.9138,73.17,75.96001898,78.0751488,81.01191108,81.65804429,85.77856081,86.85876416,
Myanmar,MMR,0,0,0,0,0,0,,,,0.000151709,,0.000289277,0.000426494,0.024064149,0.024337392,0.065238856,0.182048331,0.217128445,0.22,0.22,0.25,0.98,1.4,1.8,7.4,10.9,16,23.62108195,28.7,34.9,35.1,
Middle East & North Africa (excluding high income),MNA,0,0,0,0.000239906,0.001971977,0.011131795,0.026429879,0.078113992,0.166168007,0.431233049,0.861165424,1.158867418,2.833644233,4.070636315,7.497286565,8.624792927,10.01169524,11.97921383,15.12677971,17.86957336,20.84902874,23.13447191,26.20332089,29.93522829,34.96033596,39.43255291,45.14793541,50.50743147,55.52802598,64.29270008,73.63170568,
Montenegro,MNE,,,,,,,,,,,,,,,25.3500686,27.1,28.9,30.8,32.9,35.1,37.5,35.61154125,56.83878255,60.31,61,68.11978601,69.88164684,71.27233254,71.51710049,73.47666575,77.60879306,
Mongolia,MNG,0,0,0,0,0,0.008811225,0.018160749,0.112742554,0.145810542,0.50847156,1.255652004,1.653238239,2.039572603,,,,,9,9.8,10,10.2,12.49999111,16.4,17.69998424,19.94244743,22.50000413,22.2657705,23.71426517,47.13000188,51.07999408,62.50002848,
Northern Mariana Islands,MNP,0,0,0,0,0,0,,,,,,,,,,,,,,,,,,,,,,,,,,
Mozambique,MOZ,0,0,0,0,0,0,0.003042979,0.011842611,0.020197055,0.056250629,0.10959253,0.160031947,0.259612611,0.419538844,0.679447835,0.854357118,0.842954488,0.91,1.56,2.68,4.17,4.6,5,5.5,6,6.5,7,7.8,10.9,15.1,16.5,
Mauritania,MRT,0,0,0,0,0,0,,0.004172527,0.040594795,0.118464464,0.192031462,0.261448552,0.363229415,0.424004896,0.481470438,0.669966475,0.979661253,1.433613196,1.87,2.28,4,4.5,5,6.2,11.8,17.6,24.1,24.2,35.1,36.7,40.8,
Mauritius,MUS,0,0,0,0,0,0,0.183769158,0.475629193,2.565279962,4.652213227,7.281535115,8.780904019,10.25262467,12.1871062,13.68908859,15.17222875,16.7,20.22,21.81,22.51,28.33,34.95,35.42,40.11682514,44.80327537,50.13931848,52.19132594,55.4032403,58.5961697,61.72995515,64.88490358,
Malawi,MWI,0,0,0,0,0,0,,0.004668518,0.018057365,0.087278755,0.126780945,0.164020725,0.215094727,0.278815116,0.347505335,0.384489334,0.42513749,0.965864737,0.7,1.07,2.26,3.33,4.3506,5.05,5.83,6,6.3,7,8,9.9,,
Malaysia,MYS,0,0,0.001047822,0.025538478,0.099607417,0.145673837,0.852044466,2.307393234,6.751770483,12.3055022,21.38473116,26.6959725,32.33820434,34.97115234,42.25226563,48.62917025,51.63798899,55.7,55.8,55.9,56.3,61,65.8,57.05751226,63.66542588,71.06406781,78.78830993,80.14047901,81.20104862,84.18714501,89.55501192,
North America,NAC,0.742835611,1.104413473,1.643862685,2.163471777,4.615500205,8.733954078,15.46402671,20.97143376,29.58262132,35.88271056,43.88416408,50.16862877,59.0588592,61.9412897,64.87501215,68.33044035,69.27302619,74.82218998,74.2688087,71.9250964,72.54899829,71.05695843,75.53352977,72.84930272,74.42523105,76.11729383,86.11499711,87.8276295,89.12410008,90.15198416,91.52128299,
Namibia,NAM,0,0,0,0,0,0.006172051,0.009032145,0.058750679,0.286745093,0.336217708,1.644739547,2.416979442,2.633699769,3.359839886,3.804715615,4.010046644,4.398870647,4.835610778,5.329003772,6.5,11.6,12,12.9414,13.9,14.84,25.68785182,31.03334594,36.83740647,40,40.5,41,
New Caledonia,NCL,0,0,0,0,0,0.005179013,0.252983946,0.989334969,1.936042825,5.688147323,13.93954882,18.23710978,22.38979742,26.40833447,30.29804621,32.35901475,33.51571468,35.05,34.51,33.99,42,50,58,66,70,74.00175279,,82.0058408,,,,
Niger,NER,0,0,0,0,0,0,0.001039305,0.002008766,0.002911503,0.028136022,0.036261294,0.105185431,0.127152469,0.155698704,0.189933734,0.221341351,0.294033977,0.39039062,0.7,0.76,0.83,0.9,1.05,1.15,1.248675689,2.476219975,4.32275803,10.22431156,,,,
Nigeria,NGA,0,0,0,0,0,0,0.00883298,0.017237401,0.025231461,0.041038723,0.064080808,0.08990137,0.320461976,0.558576245,1.286137641,3.549155718,5.545036083,6.77,8,9.3,11.5,13.8,16.1,19.1,21,24.5,25.67,28,31.9,33.6,35.5,
Nicaragua,NIC,0,0,0,0,0.013166228,0.030046478,0.084093291,0.206216818,0.303808975,0.497901643,0.980216487,1.448799428,1.714729584,1.880412532,2.320664609,2.566351177,2.805573063,3.9,5.3,7.3,10,10.6,13.5,15.5,17.6,19.7042915,24.57183396,30.4,37.6,37.8,45.2,
Netherlands,NLD,0.334386942,0.531496128,1.320008028,1.967087737,3.257308831,6.47315766,9.649069145,14.0655114,22.24382769,39.17600725,43.98435137,49.37306211,61.29,64.35,68.52,81,83.7,85.82,87.42,89.63,90.72,91.41999576,92.85999236,93.9564,91.666666,91.72413793,90.4109589,93.19727891,91.89189189,93.2885906,91.33333333,
Norway,NOR,0.707299448,1.407395158,2.216365832,2.783990846,4.152450292,6.423220493,18.25031077,20.41788144,22.56011255,40,52,64,72.84,78.13,77.69,81.99,82.55,86.93,90.57,92.08,93.39,93.48998265,94.64997805,95.0534,96.3,96.81032569,97.29820367,96.3576013,96.49165799,98.00000439,97,
Nepal,NPL,0,0,0,0,0,0.000924878,0.004510473,0.021998858,0.064393596,0.146668869,0.204651684,0.240015303,0.31295606,0.382810917,0.449843651,0.826551266,1.141389164,1.41,1.73,1.97,7.93,9,11.1493,13.3,15.44,17.58161801,20.7,24.3,28.6,32.8,37.7,
Nauru,NRU,0,0,0,0,0,0,,,,,,2.987155233,,,,,,,,,,54,,,,,,62.38512451,,,,
New Zealand,NZL,0,0,0.285941241,0.631215367,3.168718848,4.88424078,8.041899368,14.6015244,31.63626081,41.49448266,47.37955654,53.24101529,59.08075328,60.96253987,61.84762781,62.72021237,69,69.76,72.03,79.7,80.46,81.23,81.64447018,82.78,84,85.2,86.5,87.7,89,90.2,91.5,
OECD members,OED,0.235985181,0.379720047,0.596276742,0.845367395,1.707195033,3.215538609,5.883016693,9.217362813,13.81148009,19.96266834,26.96255999,32.31950645,40.20830597,44.35942832,49.06152471,52.62491647,55.16099517,60.46600898,62.58127135,64.10167289,66.53138277,67.54302115,70.18667812,71.53632838,73.13706876,75.6871155,79.83311194,81.45340303,83.36854948,85.17789267,86.29100789,
Oman,OMN,0,0,0,0,0,0,0,0.439792805,0.862725306,2.515665987,3.520421417,5.893841521,6.873396039,7.255742945,6.75885217,6.68358142,8.299716673,16.68,20,26.8,35.8278,48,60,66.45,70.22,73.53,76.84539047,80.18563573,85.5,90.3,95.23,
Other small states,OSS,0,0.0076524,0.030588337,0.066982679,0.198055827,0.441898443,0.858750376,1.482967625,2.536461069,3.349563226,5.39598779,6.650142172,8.619369998,9.909630542,11.6511992,12.94338024,14.34080696,16.19880592,18.84138319,20.869121,24.50437121,28.12440897,31.4815068,36.44551588,40.30231534,44.09641738,47.87858688,51.41111264,59.22172597,60.84307387,62.0690251,
Pakistan,PAK,0,0,0,0,0,0.000122702,0.00299173,0.027549238,0.043947719,0.055357238,,1.318550779,2.577426737,5.041158126,6.164320985,6.332329098,6.5,6.8,7,7.5,8,8,8.1,9,10,11,12.38544676,13.78,15.34,17.07090203,25,
Panama,PAN,0,0,0,0,0.007636899,0.056123043,0.219998526,0.539065541,2.750648071,3.836864509,6.554796477,7.268399878,8.518077815,9.987424077,11.14086254,11.48400928,17.34956617,22.29,33.82,39.08,40.1,42.7,40.30189522,44.03,44.92,51.20542499,54,59.9506309,61.80553132,63.62841477,64.25,
Peru,PER,0,0,0,0,0.008504578,0.033412305,0.24623258,0.403429701,1.19038044,1.952497608,3.076430611,7.578762957,8.96694917,11.6,14.1,17.1,20.7,25.2,30.57,31.4,34.77,36.01,38.2,39.2,40.2,40.85260091,45.46174069,50.45041218,55.05433424,59.95050106,65.25,
Philippines,PHL,0,0,0,0,0.005844253,0.028585702,0.055946029,0.136912963,1.103405994,1.431608803,1.982253196,2.52400566,4.332275746,4.857672267,5.243628452,5.397636329,5.740586325,5.97,6.22,9,25,29,30.8,32.7,34.7,36.9,39.2,41.6,44.1,43.02661187,49.8,
Palau,PLW,0,0,0,0,0,0,,,,,,,20.24393947,21.60152718,26.97033263,,,,,,,,,,,,,,,,,
Papua New Guinea,PNG,0,0,0,0,0,0,0.002067023,0.100588321,0.234958542,0.667113315,0.835249302,0.904103545,1.321656935,1.374404668,1.507912772,1.716190476,1.754487261,1.790559361,1.15,1.61,1.28,2,3.5,5.1,6.5,7.9,9.601538462,11.20919659,,,,
Poland,POL,0,0.005229468,0.052127181,0.129961704,0.389098144,0.647752333,1.295200255,2.073465474,4.102272002,5.45644373,7.285428708,9.900669707,21.15,24.87,32.53,38.81,44.58,48.6,53.13,58.97,62.32,61.94999897,62.30999727,62.8492,66.6,67.99698716,73.3007041,75.98536595,77.54173454,80.43590724,83.18488715,
Pre-demographic dividend,PRE,0,0,0,0,0.000130666,0.000379758,0.004833644,0.01391982,0.028529928,0.073320292,0.123238184,0.187289173,0.363513133,0.644284942,0.969406942,1.689410605,2.40983175,3.255869535,3.416086449,4.031699714,5.043717943,6.089483198,7.328785203,8.831873765,10.92609397,13.00256264,15.728189,18.51924991,22.32989494,25.15372006,26.05109188,
Puerto Rico,PRI,0,0,0,0,0.027254662,0.135102783,0.268160428,1.331822159,2.647646679,5.265682651,10.47464821,15.63003092,17.54764757,19.70702566,22.13073823,23.40005045,25.44241821,27.86,38,41.5,45.3,48,68.9999826,68.99999,69,63.46633538,68.6438072,68.74077314,70.85639974,77.73643937,,
"Korea, Dem. People's Rep.",PRK,0,0,0,0,0,0,,0,0,0,0,0,0,0,0,0,0,0,0,0,0,0,0,0,,,,,,,,
Portugal,PRT,0,0.10023057,0.250426501,0.450161608,0.718905754,1.494334529,2.98087767,4.953001955,9.870446442,14.74233784,16.43046769,18.08713656,19.37,29.67,31.78,34.99,38.01,42.09,44.13,48.27,53.3,55.24999688,60.33999749,62.0956,64.59,68.63286148,70.42356709,73.79121395,74.66096815,75.34637794,78.26166044,
Paraguay,PRY,0,0,0,0,0,0,0.020359612,0.099576719,0.194904951,0.38165732,0.747630712,1.098793836,1.794969598,2.111942082,3.452438431,7.907007861,7.962073884,11.21,14.27,18.9,19.8,24.76351588,29.34,36.9,43,49.71630466,53.40412748,61.07575622,64.99354302,68.51762842,73.95751114,
West Bank and Gaza,PSE,0,0,0,0,0,0,,,,,1.111306207,1.836854839,3.100092235,4.130616356,4.400904826,16.005,18.41,21.176,24.358,32.23,37.4,41.08,43.4,46.6,53.67,56.7,59.9,63.3,64.39999371,70.6225837,74.6,
Pacific island small states,PSS,0,0,0,0.002829204,0.003339509,0.01511191,0.131170582,0.285118105,0.612254629,0.87072679,1.458230705,1.879605822,4.004973038,4.556094446,5.18132271,5.589471414,6.502223854,7.389745786,8.671005359,10.83368954,12.91108078,17.53535601,20.53636682,21.78624008,24.44114437,27.65555535,31.48120434,38.85676708,,,,
Post-demographic dividend,PST,0.270412072,0.436203878,0.687998685,0.974996689,1.964624732,3.704618074,6.796844749,10.64945937,15.87743176,22.90843392,30.55928755,36.66254817,44.70001922,49.78468143,54.97770062,58.50482513,60.4365352,65.68473503,67.681255,68.89431913,71.00784519,71.45271279,74.24816146,75.74608682,77.41249122,78.71125146,83.17873955,84.3949357,86.20130442,87.93954652,88.71978708,
French Polynesia,PYF,0,0,0,0,0,0,0.090971944,0.21438525,1.316164696,3.448900232,6.357063545,6.251588946,8.200216486,14.12429379,17.88453743,21.54218547,25.10796425,28.59,33.87,44.6,49,49,52.87663059,56.8,60.68,64.56020975,68.44041949,72.70389531,,,,
Qatar,QAT,0,0,0,0,0,0.190209535,0.930185833,3.083749186,3.52002985,4.070728915,4.863679179,6.170268561,10.22612893,19.24233642,20.70164785,24.73349378,28.97411271,37,44.3,53.1,69,69,69.3,85.3,91.49,92.88482645,95.12466217,97.38884917,99.65284913,99.65280421,99.65284913,
Romania,ROU,0,0,0,0.003703214,0.026300162,0.074952756,0.221622649,0.445444676,2.237649473,2.697580217,3.613717291,4.538669029,6.58,8.9,15,21.5,24.66,28.3,32.42,36.6,39.93,40.00999678,45.87999425,49.7645,54.08,55.76315563,59.50395129,63.74728218,70.68127793,73.65747575,78.45526741,
Russian Federation,RUS,0,0,0.000672532,0.013447238,0.053817493,0.148151042,0.26975293,0.472963763,0.812744451,1.018984614,1.977230109,2.944367787,4.128271818,8.298860616,12.8593889,15.2266732,18.02327746,24.66,32,42.55,49,58,66,67.97,70.52,70.09924123,73.09143462,76.00813853,80.86472187,82.64216156,84.99467026,
Rwanda,RWA,0,0,0,0,0,0,0.000883372,0.001625791,0.011763573,0.067176482,0.06283146,0.24067241,0.292784719,0.356918467,0.430854243,0.556041165,,2.115387178,4.5,7.7,8,7,8.023854277,9,10.6,18,20,21.76763262,25,26,26.5,
South Asia,SAS,0,0,8.55E-05,0.000167242,0.000858966,0.020147472,0.040903529,0.060390756,0.117714358,0.22764663,0.475928509,0.66454297,1.466644469,1.846656777,2.190075374,2.555646457,2.992240408,3.983817302,4.408796372,5.121294466,7.159897553,9.228820684,10.11200179,11.31699486,12.84579725,14.17472639,16.12973203,17.88886055,19.83763049,27.27102576,38.56237561,
Saudi Arabia,SAU,0,0,0,0,0,0.010956134,0.026732651,0.052099031,0.101429893,0.49358534,2.210691809,4.681053166,6.38470502,8.001582891,10.234533,12.70503599,19.45955435,30,36,38,41,47.5,54,60.5,64.71365737,69.6162358,74.87927469,94.17559961,93.31000185,95.7247356,97.86,
Sudan,SDN,0,0,0,0,0,0,0,0.001231819,0.004805071,0.008794581,0.025785032,0.140185224,0.439477639,0.538471703,0.791561615,1.292040678,,8.66,,,,,,,,,14.09999994,18.6,24.6,25.9,28.4,
Senegal,SEN,0,0,0,0,0,0.000692848,0.011238219,0.027347441,0.079871379,0.311090952,0.403967486,0.983794059,1.006454537,2.10143643,4.38602398,4.786684083,5.611738652,6.89,7.12,7.5,8,9.8,10.8,13.1,17.7,21.7,25.66476804,29.64312367,35.3,39.5,42.6,
Singapore,SGP,0,0.161504498,0.471368155,0.763278139,1.185203797,2.873418722,8.34995903,13.47162042,19.59076716,24.15543693,36,41.67042518,47,53.83794329,62,61,59,69.9,69,69,71,71,72,80.90205685,82.1,83.2,84.45226789,84.45226789,88.16563603,88.94925269,92.00434653,
Solomon Islands,SLB,0,0,0,0,0,0.02487191,0.268683585,0.391923246,0.508292797,0.494541498,0.481296806,0.468551964,0.501919843,0.555609882,0.649672673,0.844307573,1.646347989,2,3,4,5,6,6.9974,8,9,10.00046498,11.00090227,11.92422906,,,,
Sierra Leone,SLE,0,0,0,0,0,0,0.002506116,0.004987835,0.014805065,0.048490656,0.118254246,0.160264445,0.176198957,0.190173282,0.203007681,0.21539161,0.227669467,0.239834699,0.25,0.26,0.58,0.9,2.5,4,6.057298984,6.344421603,11.77318438,13.23693043,15.8,16.8,18,
El Salvador,SLV,0,0,0,0,0,0,0.086389581,0.256960679,0.425253672,0.845428741,1.177397269,1.5,1.9,2.5,3.2,4.2,5.5,6.11,10.08,12.11,15.9,18.9,20.32138772,23.1093,24.76171215,26.80260496,28.99707305,33.8207289,43.8,50.49119319,54.60137027,
San Marino,SMR,0,0,0,0,0,1.362132711,1.428075186,1.41854848,1.408557941,42.80331575,48.79949531,50.34166909,50.83483994,50.00345304,50.56634304,50.2595642,50.20865936,50.36482211,54.52,54.21,,49.6,,,,,,60.18230126,,,,
Somalia,SOM,0,0,0,0,0,0,0.00150955,0.002948713,0.00716442,0.013910394,0.02,0.079039179,0.115614213,0.376198003,1.053454744,1.077327839,1.100216368,1.122235622,1.142687372,1.160610542,,1.25,1.3767,1.5,1.63,1.76,1.88,2.004048698,,,,
Serbia,SRB,,,,,,,,,,,,,,,23.5,26.3,27.2,33.15,35.6,38.1,40.9,42.2,48.1,53.45036418,62.07508046,65.3170254,67.05684137,70.33083553,73.36070915,77.41677362,78.36804077,
Sub-Saharan Africa (excluding high income),SSA,0,0.00095682,0.002793091,0.008153057,0.017774957,0.048726483,0.068655058,0.128832605,0.234167477,0.359615787,0.500111927,0.639732242,0.825539086,1.1034662,1.482099161,2.005461482,2.65803012,3.43628955,3.67068217,4.319482645,6.144435383,7.607392768,9.301407542,11.18799092,13.40489011,16.1192393,17.92107258,20.82864704,24.71195172,27.33086671,30.03785395,
South Sudan,SSD,,,,,,,,,,,,,,,,,,,,,,,,2.2,2.6,3,3.5,4.1,4.8,5.6,6.5,
Sub-Saharan Africa,SSF,0,0.000956689,0.002792714,0.008151965,0.017772597,0.048720082,0.068735719,0.128979666,0.23445448,0.360339311,0.50095138,0.640984266,0.827155548,1.105080301,1.484804295,2.008217641,2.662019528,3.440220101,3.674939692,4.319482645,6.148348493,7.611246016,9.305421725,11.19203324,13.40872051,16.12302633,17.92468499,20.83213051,24.71623495,27.33539451,30.04262035,
Small states,SST,0,0.005250466,0.021046664,0.046388635,0.140654751,0.347126654,0.721484257,1.257690377,2.255525373,3.082039375,4.845694217,6.360615673,8.749815166,10.30747027,12.02690278,13.52911711,15.2062276,17.36601632,20.0080727,22.44241981,25.95270372,30.22508859,32.8786093,37.10545426,40.76960662,44.20523324,47.70393632,51.8012694,60.17165815,61.00904922,62.38905326,
Sao Tome and Principe,STP,0,0,0,0,0,0,,,0.295847047,0.363203161,4.638516816,6.310917888,7.580665169,10.16184431,13.32285269,13.75948422,14.18201978,14.5904832,15.48,16.41,18.75,20.1612,21.5724,23,24.41,25.82,28,29.9312292,31.9,32,33,
Suriname,SUR,0,0,0,0,0,0.114720735,0.226306297,1.003086936,1.670148436,1.891871357,2.506411052,3.064448389,4.161568745,4.719875395,6.076047814,6.403086288,9.499626942,14.11,21.06,31.36,31.59,32,34.6812,37.4,40.08,42.76382778,45.4,48.94517397,53.8,68.75,70.06,
Slovak Republic,SVK,0,0,0,0.127829232,0.318509704,0.523210163,0.783290109,1.173381014,2.689809786,5.437758139,9.426803201,12.52832185,40.14,43.04,52.89,55.19,56.08,61.8,66.05,70,75.71,74.43999717,76.70999012,77.8826,79.98,77.63468203,80.47585728,81.62566752,80.44892248,82.8536605,89.9209082,
Slovenia,SVN,0,0,0,0.409792399,1.071570172,2.898985609,5.072272271,7.591923004,10.10460285,12.61093843,15.11025956,30.17591047,27.83888542,31.85479301,40.81,46.81,54.01,56.74,58,64,70,67.33999481,68.34997453,72.6756,71.59,73.09865997,75.49850426,78.88542636,79.7499766,83.1083578,86.60130109,
Sweden,SWE,0.584192066,1.160519453,1.497871352,1.716364182,3.412810096,5.098024244,9.04359976,23.72794756,33.46751233,41.43278316,45.68765221,51.76566494,70.57,79.13,83.89,84.83,87.76,82.01,90,91,90,92.76998606,93.17998801,94.7836,92.52,90.61019664,89.65094761,93.00626697,89.24696316,94.49344341,94.53943122,
Eswatini,SWZ,0,0,0,0,0,0.00103175,0.050399009,0.088545986,0.096099605,0.4707176,0.926191777,1.28159005,1.816203807,2.437073851,3.228685073,3.696961073,3.696538789,4.1,6.85,8.94,11.04,18.13,20.78178258,24.7,25,25.64304231,28.57,30.3,,,,
Sint Maarten (Dutch part),SXM,,,,,,,,,,,,,,,,,,,,,,,,,,,,,,,,
Seychelles,SYC,0,0,0,0,0,0,0.651474286,1.28295593,2.526177514,6.229054803,7.395629183,11.01510293,14.30417083,14.59250432,24.27213922,25.41326815,34.95197117,38.38,40.44,,41,43.16400446,47.076,50.4,51.25470199,54.25961786,56.51470815,58.76981124,70.1,75,79,
Syrian Arab Republic,SYR,0,0,0,0,0,0,0,0.032607814,0.063687286,0.124295462,0.18169858,0.35375913,2.093101019,3.397972614,4.321593778,5.648106049,7.832551569,11.5,14,17.3,20.7,22.5,24.3001,26.2,28.09,29.97979724,31.86962727,32.7,33.77,34.65,35.78,
Turks and Caicos Islands,TCA,0,0,0,0,0,0,,,,,,,,,,,,,,,,,,,,,,,,,,
Chad,TCD,0,0,0,0,0,0,,0.000658168,0.004268504,0.012321728,0.035707076,0.045934134,0.166069665,0.320308555,0.360920107,0.3992577,0.581045764,0.847224521,1.19,1.5,1.7,1.9,2.1,2.5,2.9,3.5,5.8,7.4,8,9.8,10.4,
East Asia & Pacific (IDA & IBRD countries),TEA,0,1.81E-06,2.38E-05,0.000885965,0.003683592,0.011989822,0.033627578,0.095320918,0.327365983,0.863200265,1.918346176,2.812998389,4.460758564,5.832544368,6.966418551,8.417822521,10.29603595,14.56543769,19.51368864,24.08586321,29.34045753,32.80662769,36.19855726,38.79679548,41.21937914,44.15290412,47.67554633,50.06719709,55.73529561,60.55893543,66.59196271,
Europe & Central Asia (IDA & IBRD countries),TEC,0,0.000473445,0.00495262,0.019031919,0.067388183,0.140295485,0.299905601,0.537300215,1.022982429,1.533554355,2.501011551,3.603857509,6.60209598,9.121393289,12.92131064,15.01914019,17.80633564,23.0287209,28.30594009,34.81708949,40.07728586,45.46296124,50.79136042,53.74275373,57.77823279,59.59461725,63.40917361,67.03718872,73.03560811,76.98515538,80.35606114,
Togo,TGO,0,0,0,0,0,0,0.010929139,0.211139465,0.305583935,0.590363264,0.8,0.9,1,1.2,1.5,1.8,2,2.2,2.4,2.6,3,3.5,4,4.5,5.7,7.12,11.31,12.36022497,15.5,19.3,24,
Thailand,THA,0,5.22E-05,0.000343725,0.013580966,0.038614321,0.074825338,0.115472136,0.360522185,1.091218985,2.426242432,3.689041279,5.556326121,7.531250335,9.299027238,10.67730332,15.02600436,17.16071472,20.03,18.2,20.1,22.4,23.66992562,26.46,28.94,34.89,39.31612674,47.50496562,52.89192934,56.81748093,66.65241946,77.84374066,
Tajikistan,TJK,0,0,0,0,0,0,,,,0.032791858,0.048599595,0.051259133,0.055462827,0.064583777,0.077479907,0.298690024,3.772406207,7.197619518,8.78,10.07,11.55,13.03,14.51,16,17.49,18.98,20.47,21.96,,,,
Turkmenistan,TKM,0,0,0,0,0,0,,,,0.04502077,0.133282183,0.175209518,0.302132016,0.425182632,0.754053983,0.997256559,1.319573118,1.406360688,1.75,1.95,3,5,7.1958,9.6,12.2,14.99677482,17.99032446,21.25099741,,,,
Latin America & the Caribbean (IDA & IBRD countries),TLA,0,0.002302536,0.009963167,0.021827196,0.044412959,0.10654655,0.3139428,0.613921257,1.237923644,2.057868179,3.894653801,5.628931465,8.868706831,11.29778987,14.42957237,16.66961156,20.87804646,23.90483606,26.68353395,31.27745362,34.97616509,39.69996377,43.38503961,46.40569369,48.98821339,54.62557158,57.70331942,62.37643992,65.45153734,68.68710497,73.67099601,
Timor-Leste,TLS,0,0,0,0,0,0,,,,,,,0,0,0,0.099031768,0.5,1,1.5,2,3,4,7,11,17.5,18.6,21.2,24.2,27.6,29,29.1,
Middle East & North Africa (IDA & IBRD countries),TMN,0,0,0,0.000242285,0.00199199,0.011247583,0.026429879,0.078113992,0.166168007,0.431233049,0.85797609,1.150888512,2.830497228,4.069927348,7.533921929,8.537191673,9.911408873,11.86851309,15.014675,17.69373258,20.64499734,22.91213403,25.98942931,29.72723771,34.72591287,39.21118302,44.95767706,50.3413017,55.40231768,64.19961195,73.61546861,
Tonga,TON,0,0,0,0,0,0.12323112,0.163793456,0.510866122,0.765134358,1.01796712,2.434398044,2.825371839,2.907297316,2.985817368,3.952373895,4.907782762,5.853944095,7.179865329,8.110769944,10,16,25,30,32.75396061,35.95444145,38.65127243,39.95,41.24872764,,,,
South Asia (IDA & IBRD),TSA,0,0,8.55E-05,0.000167242,0.000858966,0.020147472,0.040903529,0.060390756,0.117714358,0.22764663,0.475928509,0.66454297,1.466644469,1.846656777,2.190075374,2.555646457,2.992240408,3.983817302,4.408796372,5.121294466,7.159897553,9.228820684,10.11200179,11.31699486,12.84579725,14.17472639,16.12973203,17.88886055,19.83763049,27.27102576,38.56237561,
Sub-Saharan Africa (IDA & IBRD countries),TSS,0,0.000956689,0.002792714,0.008151965,0.017772597,0.048720082,0.068735719,0.128979666,0.23445448,0.360339311,0.50095138,0.640984266,0.827155548,1.105080301,1.484804295,2.008217641,2.662019528,3.440220101,3.674939692,4.319482645,6.148348493,7.611246016,9.305421725,11.19203324,13.40872051,16.12302633,17.92468499,20.83213051,24.71623495,27.33539451,30.04262035,
Trinidad and Tobago,TTO,0,0,0,0,0,0.158149899,0.393080525,1.173174658,2.724825339,5.814250962,7.721411474,15.38462722,21.99867548,25.97176411,27.02427008,28.97671243,30.00374858,32.3,34.8,44.3,48.5,55.2,57.5,59.9,62.4,65.1,67.8,70.6,,,,
Tunisia,TUN,0,0,0,0,0.007379544,0.011191954,0.027615372,0.043656974,0.107940957,1.602494764,2.750740293,4.297966035,5.252887295,6.490845795,8.528817752,9.655086542,12.98640865,17.1,27.53,34.07,36.8,39.1,41.4416,43.8,46.16,46.49999434,49.59999484,55.50015506,64.19081023,66.6999983,71.9,
Turkiye,TUR,0,0,0,0.008457732,0.049869182,0.081691205,0.192724936,0.473695432,0.698805129,2.292117685,3.761685035,5.189481461,11.38,12.33,14.58,15.46,18.24,28.63,34.37,36.4,39.82,43.06571043,45.13,46.25,51.04,53.74497914,58.34773401,64.68461768,71.04276084,73.97670281,77.67,
Tuvalu,TUV,0,0,0,0,0,0,,,,,5.241639585,5.7,6.3,6.9,7.6,8.3,9.1,10,11.2,12.8,14.6,16.5,18.7,21.2,24.1,27.3,31,35.2,,,,
Tanzania,TZA,0,0,0,0,0,0,0.001622155,0.007900283,0.009244125,0.075130889,0.11719444,0.171300351,0.222484414,0.676962857,0.877574971,1.1,1.3,1.6,1.9,2.4,2.9,3.2,3.95,4.4,7,10,13.50423285,15.99999943,19,20,22,
Uganda,UGA,0,0,0,0,0,0.002863471,0.004625948,0.010319341,0.065289465,0.10554394,0.163714063,0.237945087,0.384093505,0.46484984,0.71997068,1.742205503,2.529363038,3.671965351,3.88,4.1,4.3,4.6,4.8,5.1,5.4,5.7,6,8.1,10.9,14.7,19.9,
Ukraine,UKR,0,0,0,0.00077697,0.013641246,0.043083985,0.098580381,0.198821885,0.301075792,0.405385448,0.716183762,1.238759547,1.873885116,3.148127588,3.489477881,3.749764415,4.506124564,6.55,11,17.9,23.3,28.70826284,35.27,40.954129,46.23597546,48.88464368,53.0009696,58.88947945,62.55315539,70.1248443,75.03790912,
Upper middle income,UMC,0,0.000757561,0.002637343,0.008096535,0.02126415,0.052919879,0.125997226,0.261466861,0.599229914,1.270323322,2.536929726,3.663949865,6.035293919,7.930316012,9.956681551,11.5326724,14.09392231,18.9050854,24.07795688,29.7378981,34.80775046,39.37463189,43.52579667,46.69080588,49.27894047,52.5361365,56.00287225,58.58334283,63.00544077,67.57511659,73.32616378,
Uruguay,URY,0,0,0,0,0.062474386,0.310128582,1.847472089,3.363239668,6.987069365,9.972765285,10.53905775,11.12143768,11.4194702,15.93713672,17.06309834,20.08818956,29.4,34,39.3,41.8,46.4,51.40466106,54.45376868,57.69,61.46,64.5707871,66.4,70.3223544,80.72684288,83.35153377,86.1,
United States,USA,0.784728502,1.163193726,1.724202539,2.271673294,4.862780635,9.237088297,16.41935296,21.61640097,30.09319659,35.84872446,43.07916264,49.08083159,58.78540388,61.69711712,64.75825648,67.96805292,68.93119327,75,74,71,71.69,69.72946076,74.7,71.4,73,74.55420245,85.54442129,87.27488917,88.49890317,89.43028486,90.9,
Uzbekistan,UZB,0,0,0,0,0,0.001527093,0.004285074,0.010536935,0.020754437,0.030688343,0.484347308,0.597567994,1.081939742,1.912595178,2.593725421,3.343509888,6.388321967,7.490604681,9.080114523,11.9,15.9,18.6,23.6,26.8,35.5,42.8,46.79128694,48.69999885,55.20000067,70.4000024,71.1,
St. Vincent and the Grenadines,VCT,0,0,0,0,0,0.128634622,0.483248317,0.926371957,1.853997683,2.7820023,3.245037411,5.094809778,5.54959488,6.462274167,7.371165842,9.198278082,12,16,21,31,33.7,36.7,40,43.5,47.4,49.4,51.5,53.7,56,,,
"Venezuela, RB",VEN,0,0,0.012082134,0.041587233,0.055486978,0.122214848,0.24826058,0.390959318,1.383990391,2.839825767,3.359597465,4.636000948,4.910446327,7.499963465,8.404469592,12.55299791,15.22471148,20.83,25.88,32.7,37.37,40.22,49.05008307,54.9,57,58,60,61.6,,,,
British Virgin Islands,VGB,0,0,0,0,0,0,,,,,,,18.88574127,,,,,,,36,37,37.4,37.6,,,,77.70142968,77.70426829,,,,
Virgin Islands (U.S.),VIR,0,0,0,0,0.940645283,2.801957634,4.647185664,6.948368986,9.245220221,11.07460593,13.81508054,18.37576604,27.49443238,27.42907299,27.37700879,27.34431967,27.33261054,27.33933584,27.36177742,27.39650968,31.22,35.6,40.5479,45.3,50.07,54.8391373,59.6083158,64.3774943,,,,
Vietnam,VNM,0,0,0,0,0,0,0.000134813,0.003981962,0.013078543,0.128926663,0.254248276,1.265651236,1.854999236,3.780280814,7.642408528,12.73992929,17.25456172,20.75544477,23.92,26.55,30.65,35.07,36.8,38.5,41,45,53,58.14,69.84792868,68.66158021,70.3,
Vanuatu,VUT,0,0,0,0,0,0,0.056845636,0.139505815,0.274185942,0.538300048,2.108336891,2.830572239,3.510038711,3.903295845,4.746602619,5.082333808,5.850585059,6.8,7.269119923,7.5,8,9.2,10.598,11.3,18.8,22.35140458,24,25.71978784,,,,
World,WLD,0.04923535,0.079181145,0.125363508,0.178899927,0.359900199,0.681457001,1.323469817,2.039508472,3.136405826,4.629489731,6.733119042,8.057604668,10.52728964,12.20860213,14.09536546,15.69612094,17.47491852,20.40295368,23.09213823,25.66850954,28.93312086,31.37060445,33.88658493,35.83993239,38.06592861,40.45705481,43.33835401,45.83983516,49.39648643,54.01298636,59.94024662,
Samoa,WSM,0,0,0,0,0,0,,0.174571863,0.230359015,0.285308333,0.566392533,1.689902831,2.244832676,2.799630449,3.07552941,3.352592112,4.469173873,4.749983235,5.031615316,6,7,11,12.92249,15.3,21.2,25.40700977,29.41173011,33.61093932,,,,
Kosovo,XKX,,,,,,,,,,,,,,,,,,,,,,,,,,,,83.89359681,89.44303197,,,
"Yemen, Rep.",YEM,0,0,0,0,0,0,0.000621081,0.015025295,0.023323243,0.056628675,0.082500387,0.090802459,0.518796032,0.6047341,0.881222989,1.048597934,1.247824049,5.01,6.89,9.96,12.35,14.905,17.4465,20,22.55,24.08540947,24.57920836,26.71835477,,,,
South Africa,ZAF,0,0.013283591,0.038869106,0.113747184,0.246905533,0.676740104,0.841882931,1.632093791,2.906220867,4.116249583,5.348559732,6.346619318,6.710322437,7.007691726,8.425118683,7.48854253,7.607139675,8.065375174,8.43,10,24,33.97,41,46.5,49,51.91911572,54,56.16739447,62.4,68.2,70,
Zambia,ZMB,0,0,0,0,0.006776105,0.008783623,0.009069176,0.009329658,0.030226183,0.147053172,0.191071643,0.233129556,0.477750907,0.980483039,1.1,1.3,1.6,1.9,2.2,2.5,3,3.5,4.1,4.8,6.5,8.8,10.3,12.2,14.2999971,16.8,19.8,
Zimbabwe,ZWE,0,0,0,0,0.00173928,0.00768354,0.016790484,0.033080327,0.081648476,0.161675528,0.401433535,0.799846046,1.1,1.8,2.1,2.4,2.4,3,3.5,4,6.4,8.4,12,15.5,16.36473996,22.7428181,23.11998904,24.4,25,25.1,29.3,
